ID,Bathrooms,Bedrooms,Erf Size,Garages,ID,Listing Date,Price,Type of Property,Location
0,4.0,4.0,,2.0,1003,2019-10-28,4299000.0,House,"lat: 51.5073509,long: -0.1277583"
1,2.0,3.0,1 733 m²,2.0,1011,2019-06-05,2800000.0,House,"lat: 51.5073509,long: -0.1277583"
2,2.0,3.0,987 m²,1.0,1016,2019-10-31,980000.0,House,"lat: 51.5073509,long: -0.1277583"
3,2.0,3.0,1 539 m²,2.0,1019,2019-10-14,1795000.0,House,"lat: 51.5073509,long: -0.1277583"
4,2.0,3.0,70 m²,,1029,2019-10-02,837780.0,House,"lat: 51.5073509,long: -0.1277583"
5,3.0,4.0,,4.0,1033,2019-10-08,3995000.0,House,"lat: 51.5073509,long: -0.1277583"
6,2.0,3.0,99 m²,1.0,1038,2019-09-19,1075000.0,House,"lat: 51.5073509,long: -0.1277583"
7,1.0,3.0,165 m²,2.0,1045,2019-09-19,950000.0,House,"lat: 51.5073509,long: -0.1277583"
8,2.0,4.0,1 500 m²,2.0,1046,2019-09-13,2350000.0,House,"lat: 51.5073509,long: -0.1277583"
9,2.0,3.0,991 m²,2.0,1051,2019-10-10,2200000.0,House,"lat: 51.5073509,long: -0.1277583"
10,4.0,6.0,800 m²,,1052,2019-10-04,950000.0,House,"lat: 51.5073509,long: -0.1277583"
11,2.0,3.0,55 m²,,1054,2019-09-25,861010.0,House,"lat: 51.5073509,long: -0.1277583"
12,2.0,3.0,880 m²,2.0,1060,2019-10-19,1100000.0,House,"lat: 51.5073509,long: -0.1277583"
13,1.0,2.0,70 m²,,1065,2019-10-01,700000.0,Townhouse,"lat: 51.5073509,long: -0.1277583"
14,2.0,2.0,81 m²,,1068,2019-10-04,890000.0,Apartment / Flat,"lat: 51.5073509,long: -0.1277583"
15,2.0,3.0,,,1069,2019-10-18,1175000.0,Apartment / Flat,"lat: 51.5073509,long: -0.1277583"
16,,3.0,298 m²,2.0,1071,2019-09-02,3695000.0,House,"lat: 51.5073509,long: -0.1277583"
17,2.0,3.0,323 m²,2.0,1074,2019-10-19,1650000.0,Townhouse,"lat: 51.5073509,long: -0.1277583"
18,4.0,5.0,1 200 m²,3.0,1091,2019-10-28,8850000.0,House,"lat: 51.5073509,long: -0.1277583"
19,3.0,3.0,112 m²,1.0,1092,2019-09-12,1229943.0,House,"lat: 51.5073509,long: -0.1277583"
20,1.0,3.0,55 m²,,1096,2019-09-12,804000.0,House,"lat: 51.5073509,long: -0.1277583"
21,2.0,2.0,120 m²,1.0,1104,2019-09-13,1399999.0,Townhouse,"lat: 51.5073509,long: -0.1277583"
22,1.0,3.0,800 m²,,1109,2019-10-22,950000.0,House,"lat: 51.5073509,long: -0.1277583"
23,2.0,3.0,331 m²,2.0,1111,2019-09-23,1450000.0,House,"lat: 51.5073509,long: -0.1277583"
24,7.0,7.0,656 m²,5.0,1113,2019-09-11,5600000.0,House,"lat: 51.5073509,long: -0.1277583"
25,,3.0,585 m²,4.0,1118,2019-10-22,3790000.0,House,"lat: 51.5073509,long: -0.1277583"
26,,5.0,616 m²,2.0,1119,2019-09-17,6500000.0,House,"lat: 51.5073509,long: -0.1277583"
27,,2.0,80 m²,,1123,2019-09-12,860000.0,Townhouse,"lat: 51.5073509,long: -0.1277583"
28,2.0,3.0,330 m²,2.0,1126,2019-10-04,1595000.0,Townhouse,"lat: 51.5073509,long: -0.1277583"
29,3.0,4.0,,2.0,1129,2019-10-07,1495000.0,House,"lat: 51.5073509,long: -0.1277583"
30,,5.0,919 m²,5.0,1130,2019-09-03,7999999.0,House,"lat: 51.5073509,long: -0.1277583"
31,2.0,3.0,,2.0,1135,2019-10-03,1350000.0,Townhouse,"lat: 51.5073509,long: -0.1277583"
32,2.0,4.0,470 m²,4.0,1145,2019-09-17,2590000.0,House,"lat: 51.5073509,long: -0.1277583"
33,1.0,2.0,50 m²,,1146,2019-09-23,560000.0,Apartment / Flat,"lat: 51.5073509,long: -0.1277583"
34,2.0,2.0,81 m²,,1147,2019-09-21,1190000.0,Apartment / Flat,"lat: 51.5073509,long: -0.1277583"
35,8.0,7.0,855 m²,3.0,1148,2019-09-19,4250000.0,House,"lat: 51.5073509,long: -0.1277583"
36,2.0,3.0,,2.0,1156,2019-10-23,1750000.0,House,"lat: 51.5073509,long: -0.1277583"
37,3.0,4.0,400 m²,4.0,1162,2019-09-10,2795000.0,House,"lat: 51.5073509,long: -0.1277583"
38,2.0,4.0,1 467 m²,2.0,1167,2019-08-24,5900000.0,House,"lat: 51.5073509,long: -0.1277583"
39,2.0,3.0,71 m²,,1168,2019-10-16,729000.0,Apartment / Flat,"lat: 51.5073509,long: -0.1277583"
40,3.0,3.0,99 m²,1.0,1169,2019-09-11,1124844.0,Townhouse,"lat: 51.5073509,long: -0.1277583"
41,1.0,2.0,50 m²,,1170,2019-09-12,605480.0,House,"lat: 51.5073509,long: -0.1277583"
42,2.0,4.0,992 m²,2.0,1171,2019-09-19,2850000.0,House,"lat: 51.5073509,long: -0.1277583"
43,1.0,2.0,45 m²,,1172,2019-10-04,550031.0,House,"lat: 51.5073509,long: -0.1277583"
44,2.0,3.0,991 m²,2.0,1181,2019-10-10,2200000.0,House,"lat: 51.5073509,long: -0.1277583"
45,2.0,3.0,1 m²,2.0,1188,2019-09-27,1695000.0,Townhouse,"lat: 51.5073509,long: -0.1277583"
46,2.0,3.0,1 m²,2.0,1192,2019-09-27,1850000.0,Townhouse,"lat: 51.5073509,long: -0.1277583"
47,2.0,3.0,124 m²,1.0,1200,2019-09-17,1590000.0,Townhouse,"lat: 51.5073509,long: -0.1277583"
48,2.0,3.0,98 m²,1.0,1205,2019-09-19,1250000.0,Townhouse,"lat: 51.5073509,long: -0.1277583"
49,2.0,3.0,500 m²,2.0,1215,2019-10-02,2200000.0,House,"lat: 51.5073509,long: -0.1277583"
50,2.0,2.0,50 m²,,1222,2019-09-25,829700.0,House,"lat: 51.5073509,long: -0.1277583"
51,1.0,3.0,55 m²,,1225,2019-09-18,861000.0,House,"lat: 51.5073509,long: -0.1277583"
52,3.0,3.0,99 m²,1.0,1231,2019-09-09,1124844.0,House,"lat: 51.5073509,long: -0.1277583"
53,2.0,3.0,142 m²,2.0,1234,2019-10-31,1350000.0,House,"lat: 51.5073509,long: -0.1277583"
54,3.0,4.0,889 m²,2.0,1242,2019-09-17,1890000.0,House,"lat: 51.5073509,long: -0.1277583"
55,,4.0,619 m²,2.0,1243,2019-09-10,4280000.0,Townhouse,"lat: 51.5073509,long: -0.1277583"
56,2.0,5.0,1 983 m²,2.0,1256,2019-09-16,3700000.0,House,"lat: 51.5073509,long: -0.1277583"
57,1.0,2.0,72 m²,,1260,2019-10-18,725000.0,Townhouse,"lat: 51.5073509,long: -0.1277583"
58,2.0,3.0,133 m²,,1264,2019-10-29,1175000.0,Townhouse,"lat: 51.5073509,long: -0.1277583"
59,2.0,3.0,56 m²,,1266,2019-09-05,816000.0,House,"lat: 51.5073509,long: -0.1277583"
60,1.0,2.0,50 m²,,1268,2019-10-04,566090.0,House,"lat: 51.5073509,long: -0.1277583"
61,3.0,5.0,992 m²,,1273,2019-10-28,2400000.0,House,"lat: 51.5073509,long: -0.1277583"
62,4.0,4.0,350 m²,2.0,1275,2019-09-17,3050000.0,House,"lat: 51.5073509,long: -0.1277583"
63,1.0,1.0,48 m²,,1276,2019-10-07,600000.0,Townhouse,"lat: 51.5073509,long: -0.1277583"
64,2.0,3.0,299 m²,,1277,2019-09-19,1150000.0,House,"lat: 51.5073509,long: -0.1277583"
65,2.0,3.0,,,1278,2019-10-28,1190000.0,House,"lat: 51.5073509,long: -0.1277583"
66,,5.0,1261 m²,3.0,1280,2019-09-18,3200000.0,House,"lat: 51.5073509,long: -0.1277583"
67,2.0,2.0,97 m²,,1283,2019-10-12,1050000.0,Townhouse,"lat: 51.5073509,long: -0.1277583"
68,2.0,5.0,320 m²,2.0,1285,2018-09-11,2400000.0,House,"lat: 51.5073509,long: -0.1277583"
69,3.0,4.0,1 080 m²,,1289,2019-09-18,1499000.0,House,"lat: 51.5073509,long: -0.1277583"
70,4.0,4.0,,2.0,1299,2019-11-05,3000000.0,Apartment / Flat,"lat: 51.5073509,long: -0.1277583"
71,2.0,3.0,,2.0,1300,2019-11-05,1450000.0,Apartment / Flat,"lat: 51.5073509,long: -0.1277583"
72,1.0,2.0,50 m²,,1302,2019-09-18,605480.0,House,"lat: 51.5073509,long: -0.1277583"
73,1.0,2.0,73 m²,,1303,2019-10-29,749000.0,Apartment / Flat,"lat: 51.5073509,long: -0.1277583"
74,1.0,3.0,55 m²,,1304,2019-09-04,804905.0,House,"lat: 51.5073509,long: -0.1277583"
75,2.0,3.0,363 m²,2.0,1310,2019-11-02,1590000.0,Townhouse,"lat: 51.5073509,long: -0.1277583"
76,2.0,3.0,900 m²,2.0,1314,2019-10-11,1950000.0,House,"lat: 51.5073509,long: -0.1277583"
77,,3.0,,3.0,1315,2019-09-09,1595000.0,House,"lat: 51.5073509,long: -0.1277583"
78,1.0,3.0,55 m²,,1319,2019-08-09,804905.0,House,"lat: 51.5073509,long: -0.1277583"
79,3.0,5.0,,3.0,1320,2019-10-04,1990000.0,House,"lat: 51.5073509,long: -0.1277583"
80,,3.0,,2.0,1322,2019-09-27,1895000.0,Townhouse,"lat: 51.5073509,long: -0.1277583"
81,2.0,4.0,,2.0,1332,2019-10-10,2800000.0,House,"lat: 51.5073509,long: -0.1277583"
82,2.0,2.0,98 m²,1.0,1334,2019-09-02,880000.0,Townhouse,"lat: 51.5073509,long: -0.1277583"
83,2.0,3.0,184 m²,1.0,1335,2019-09-11,1650000.0,Townhouse,"lat: 51.5073509,long: -0.1277583"
84,2.0,3.0,185 m²,2.0,1336,2019-10-03,1599000.0,Townhouse,"lat: 51.5073509,long: -0.1277583"
85,2.0,3.0,56 m²,,1339,2019-09-12,816000.0,House,"lat: 51.5073509,long: -0.1277583"
86,3.0,4.0,300 m²,2.0,1341,2019-09-04,2695000.0,House,"lat: 51.5073509,long: -0.1277583"
87,2.0,3.0,112 m²,1.0,1350,2019-10-14,880000.0,Apartment / Flat,"lat: 51.5073509,long: -0.1277583"
88,,,325 m²,,1354,2019-09-17,1695000.0,House,"lat: 51.5073509,long: -0.1277583"
89,2.0,3.0,60 m²,,1361,2019-10-02,565000.0,House,"lat: 51.5073509,long: -0.1277583"
90,1.0,2.0,,,1366,2019-11-06,650000.0,Townhouse,"lat: 51.5073509,long: -0.1277583"
91,1.0,2.0,74 m²,,1371,2019-10-13,770000.0,Townhouse,"lat: 51.5073509,long: -0.1277583"
92,2.0,2.0,99 m²,,1374,2019-09-06,820000.0,Townhouse,"lat: 51.5073509,long: -0.1277583"
93,5.0,5.0,1100 m²,4.0,1376,2019-08-20,14999000.0,House,"lat: 51.5073509,long: -0.1277583"
94,2.0,3.0,160 m²,2.0,1381,2019-10-26,1620000.0,House,"lat: 51.5073509,long: -0.1277583"
95,3.0,3.0,255 m²,1.0,1382,2019-10-17,2195000.0,Townhouse,"lat: 51.5073509,long: -0.1277583"
96,3.0,4.0,800 m²,2.0,1387,2019-10-18,950000.0,House,"lat: 51.5073509,long: -0.1277583"
97,2.0,3.0,,1.0,1392,2019-11-06,1300000.0,Apartment / Flat,"lat: 51.5073509,long: -0.1277583"
98,3.0,3.0,,2.0,1395,2019-10-17,2495000.0,Townhouse,"lat: 51.5073509,long: -0.1277583"
99,2.0,3.0,305 m²,2.0,1397,2019-10-14,1950000.0,House,"lat: 51.5073509,long: -0.1277583"
100,2.0,3.0,1 687 m²,2.0,1399,2019-09-11,1770000.0,House,"lat: 51.5073509,long: -0.1277583"
101,2.0,2.0,72 m²,,1401,2019-09-27,759000.0,Townhouse,"lat: 51.5073509,long: -0.1277583"
102,1.0,2.0,35290 m²,,1409,2019-09-03,710000.0,Townhouse,"lat: 51.5073509,long: -0.1277583"
103,2.0,3.0,99 m²,1.0,1413,2019-09-15,1075000.0,House,"lat: 51.5073509,long: -0.1277583"
104,,4.0,,2.0,1429,2019-10-16,3250000.0,Townhouse,"lat: 51.5073509,long: -0.1277583"
105,,4.0,537 m²,2.0,1432,2019-09-06,4999000.0,House,"lat: 51.5073509,long: -0.1277583"
106,,4.0,603 m²,2.0,1434,2019-09-25,6300000.0,House,"lat: 51.5073509,long: -0.1277583"
107,3.0,3.0,1 080 m²,2.0,1435,2019-08-27,3500000.0,House,"lat: 51.5073509,long: -0.1277583"
108,2.0,3.0,,,1438,2019-10-31,1280000.0,House,"lat: 51.5073509,long: -0.1277583"
109,2.0,2.0,72 m²,,1441,2019-10-09,790000.0,Apartment / Flat,"lat: 51.5073509,long: -0.1277583"
110,2.0,4.0,990 m²,,1443,2019-10-31,1120000.0,House,"lat: 51.5073509,long: -0.1277583"
111,2.0,3.0,1 m²,1.0,1447,2019-09-27,1020000.0,House,"lat: 51.5073509,long: -0.1277583"
112,2.0,3.0,23 237 m²,2.0,1451,2019-10-10,1060000.0,House,"lat: 51.5073509,long: -0.1277583"
113,,3.0,,2.0,1453,2019-10-18,1960000.0,Townhouse,"lat: 51.5073509,long: -0.1277583"
114,2.0,6.0,,,1456,2019-10-29,980000.0,House,"lat: 51.5073509,long: -0.1277583"
115,2.0,2.0,,,1461,2019-10-21,799000.0,Townhouse,"lat: 51.5073509,long: -0.1277583"
116,2.0,3.0,1 254 m²,3.0,1462,2019-09-23,3150000.0,House,"lat: 51.5073509,long: -0.1277583"
117,2.0,3.0,,2.0,1470,2019-11-03,1590000.0,House,"lat: 51.5073509,long: -0.1277583"
118,2.0,3.0,1 080 m²,3.0,1479,2019-09-23,1750000.0,House,"lat: 51.5073509,long: -0.1277583"
119,1.0,2.0,70 m²,,1490,2019-09-03,720000.0,Apartment / Flat,"lat: 51.5073509,long: -0.1277583"
120,2.0,3.0,1 m²,3.0,1497,2019-09-14,995000.0,House,"lat: 51.5073509,long: -0.1277583"
121,2.0,3.0,154 m²,1.0,1498,2019-10-08,1250000.0,Townhouse,"lat: 51.5073509,long: -0.1277583"
122,3.0,3.0,,2.0,1501,2019-10-25,1880000.0,House,"lat: 51.5073509,long: -0.1277583"
123,2.0,3.0,97 m²,1.0,1503,2019-10-29,1199000.0,House,"lat: 51.5073509,long: -0.1277583"
124,3.0,3.0,119 m²,1.0,1513,2019-05-28,1089000.0,Apartment / Flat,"lat: 51.5073509,long: -0.1277583"
125,2.0,3.0,212 m²,2.0,1516,2019-10-13,2600000.0,Townhouse,"lat: 51.5073509,long: -0.1277583"
126,2.0,3.0,175 m²,2.0,1522,2019-08-27,1375000.0,House,"lat: 51.5073509,long: -0.1277583"
127,,3.0,308 m²,2.0,1526,2019-08-28,1550000.0,House,"lat: 51.5073509,long: -0.1277583"
128,2.0,3.0,921 m²,2.0,1529,2019-08-23,2095000.0,House,"lat: 51.5073509,long: -0.1277583"
129,2.0,3.0,55 m²,,1536,2019-08-22,861010.0,Townhouse,"lat: 51.5073509,long: -0.1277583"
130,2.0,4.0,450 m²,2.0,1537,2019-10-02,1250000.0,House,"lat: 51.5073509,long: -0.1277583"
131,2.0,3.0,150 m²,,1541,2019-09-03,790000.0,House,"lat: 51.5073509,long: -0.1277583"
132,2.0,3.0,55 m²,,1544,2019-08-20,861010.0,House,"lat: 51.5073509,long: -0.1277583"
133,2.0,4.0,,1.0,1546,2019-11-04,1150000.0,Townhouse,"lat: 51.5073509,long: -0.1277583"
134,1.0,1.0,53 m²,,1548,2019-08-22,730000.0,House,"lat: 51.5073509,long: -0.1277583"
135,2.0,3.0,91 m²,,1552,2019-09-16,990000.0,Townhouse,"lat: 51.5073509,long: -0.1277583"
136,2.0,3.0,126 m²,1.0,1554,2019-10-08,1350000.0,Townhouse,"lat: 51.5073509,long: -0.1277583"
137,,4.0,2 414 m²,2.0,1558,2019-08-07,2200000.0,House,"lat: 51.5073509,long: -0.1277583"
138,3.0,4.0,,3.0,1559,2019-09-11,2600000.0,House,"lat: 51.5073509,long: -0.1277583"
139,2.0,3.0,366 m²,4.0,1567,2019-09-19,1675000.0,Apartment / Flat,"lat: 51.5073509,long: -0.1277583"
140,3.0,4.0,1 500 m²,2.0,1572,2019-09-19,1990000.0,House,"lat: 51.5073509,long: -0.1277583"
141,2.0,3.0,99 m²,1.0,1575,2019-09-07,1075000.0,House,"lat: 51.5073509,long: -0.1277583"
142,4.0,4.0,1546 m²,3.0,1576,2019-08-23,4099000.0,House,"lat: 51.5073509,long: -0.1277583"
143,3.0,4.0,1 m²,,1586,2019-08-18,2350000.0,House,"lat: 51.5073509,long: -0.1277583"
144,2.0,3.0,1 345 m²,3.0,1588,2019-08-21,2400000.0,House,"lat: 51.5073509,long: -0.1277583"
145,2.0,3.0,200 m²,,1593,2019-10-10,1650000.0,House,"lat: 51.5073509,long: -0.1277583"
146,2.0,3.0,56 m²,,1594,2019-09-06,815000.0,House,"lat: 51.5073509,long: -0.1277583"
147,2.0,3.0,535 m²,1.0,1598,2019-08-26,2300000.0,House,"lat: 51.5073509,long: -0.1277583"
148,3.0,4.0,1 400 m²,1.0,1600,2019-08-27,2695000.0,House,"lat: 51.5073509,long: -0.1277583"
149,,3.0,,2.0,1602,2019-10-26,1960000.0,House,"lat: 51.5073509,long: -0.1277583"
150,,3.0,,2.0,1603,2019-10-26,1960000.0,House,"lat: 51.5073509,long: -0.1277583"
151,2.0,2.0,84 m²,,1606,2019-09-17,1599000.0,Apartment / Flat,"lat: 51.5073509,long: -0.1277583"
152,,3.0,225 m²,,1607,2019-09-06,1995000.0,Apartment / Flat,"lat: 51.5073509,long: -0.1277583"
153,2.0,2.0,98 m²,1.0,1608,2019-09-06,880000.0,Apartment / Flat,"lat: 51.5073509,long: -0.1277583"
154,1.0,2.0,50 m²,,1611,2019-08-13,829700.0,House,"lat: 51.5073509,long: -0.1277583"
155,1.0,1.0,43 m²,1.0,1613,2019-10-07,890000.0,Apartment / Flat,"lat: 51.5073509,long: -0.1277583"
156,2.0,3.0,270 m²,,1627,2019-09-27,960000.0,House,"lat: 51.5073509,long: -0.1277583"
157,1.0,2.0,1 215 m²,,1628,2019-10-09,760000.0,House,"lat: 51.5073509,long: -0.1277583"
158,2.0,3.0,44000 m²,4.0,1632,2019-09-05,1995000.0,House,"lat: 51.5073509,long: -0.1277583"
159,3.0,4.0,1398 m²,4.0,1633,2019-08-13,4450000.0,House,"lat: 51.5073509,long: -0.1277583"
160,1.0,2.0,46 m²,,1636,2019-09-16,455000.0,House,"lat: 51.5073509,long: -0.1277583"
161,1.0,2.0,78 m²,,1637,2019-09-21,795000.0,Apartment / Flat,"lat: 51.5073509,long: -0.1277583"
162,2.0,3.0,155 m²,2.0,1639,2019-09-06,1320000.0,Townhouse,"lat: 51.5073509,long: -0.1277583"
163,2.0,3.0,184 m²,1.0,1640,2019-09-16,1650000.0,House,"lat: 51.5073509,long: -0.1277583"
164,2.0,3.0,,,1646,2019-10-24,750000.0,House,"lat: 51.5073509,long: -0.1277583"
165,2.0,2.0,135 m²,,1648,2019-10-07,1020000.0,Townhouse,"lat: 51.5073509,long: -0.1277583"
166,1.0,2.0,120 m²,2.0,1651,2019-09-11,1250000.0,House,"lat: 51.5073509,long: -0.1277583"
167,2.0,3.0,165 m²,2.0,1663,2019-07-31,1799000.0,Townhouse,"lat: 51.5073509,long: -0.1277583"
168,3.0,5.0,992 m²,,1667,2019-09-27,2400000.0,House,"lat: 51.5073509,long: -0.1277583"
169,2.0,4.0,1 400 m²,2.0,1674,2019-10-11,2500000.0,House,"lat: 51.5073509,long: -0.1277583"
170,6.0,16.0,18 000 m²,1.0,1679,2019-10-04,2950000.0,House,"lat: 51.5073509,long: -0.1277583"
171,2.0,3.0,,2.0,1680,2019-09-25,2295000.0,House,"lat: 51.5073509,long: -0.1277583"
172,,3.0,451 m²,,1689,2019-09-18,840000.0,House,"lat: 51.5073509,long: -0.1277583"
173,2.0,3.0,1 619 m²,2.0,1693,2019-10-21,2750000.0,House,"lat: 51.5073509,long: -0.1277583"
174,3.0,3.0,409 m²,2.0,1696,2019-09-21,2750000.0,Townhouse,"lat: 51.5073509,long: -0.1277583"
175,1.0,2.0,,,1700,2019-10-09,430000.0,House,"lat: 51.5073509,long: -0.1277583"
176,3.0,3.0,,2.0,1702,2019-08-19,2250000.0,House,"lat: 51.5073509,long: -0.1277583"
177,1.0,2.0,56 m²,,1710,2019-08-20,730000.0,House,"lat: 51.5073509,long: -0.1277583"
178,2.0,3.0,802 m²,2.0,1716,2019-08-17,1695000.0,House,"lat: 51.5073509,long: -0.1277583"
179,2.0,3.0,150 m²,,1720,2019-07-30,599000.0,House,"lat: 51.5073509,long: -0.1277583"
180,3.0,4.0,1 487 m²,2.0,1721,2019-09-13,2095000.0,House,"lat: 51.5073509,long: -0.1277583"
181,2.0,3.0,206 m²,1.0,1724,2019-08-14,1825000.0,Townhouse,"lat: 51.5073509,long: -0.1277583"
182,2.0,3.0,,2.0,1730,2019-08-14,1690000.0,House,"lat: 51.5073509,long: -0.1277583"
183,,,1 m²,,1734,2019-08-31,1250000.0,House,"lat: 51.5073509,long: -0.1277583"
184,3.0,3.0,154 m²,1.0,1737,2019-07-25,1075789.0,House,"lat: 51.5073509,long: -0.1277583"
185,2.0,3.0,93 m²,1.0,1738,2019-08-09,1060000.0,Townhouse,"lat: 51.5073509,long: -0.1277583"
186,1.0,3.0,989 m²,1.0,1741,2019-08-16,970000.0,House,"lat: 51.5073509,long: -0.1277583"
187,,4.0,800 m²,4.0,1743,2019-09-19,14999000.0,House,"lat: 51.5073509,long: -0.1277583"
188,1.0,2.0,96 m²,,1746,2019-08-06,630000.0,Apartment / Flat,"lat: 51.5073509,long: -0.1277583"
189,2.0,4.0,1 487 m²,2.0,1753,2019-08-13,1850000.0,House,"lat: 51.5073509,long: -0.1277583"
190,2.0,3.0,55 m²,,1758,2019-07-04,815000.0,House,"lat: 51.5073509,long: -0.1277583"
191,,4.0,912 m²,2.0,1759,2019-08-22,3400000.0,House,"lat: 51.5073509,long: -0.1277583"
192,4.0,4.0,300 m²,2.0,1760,2019-08-06,4250000.0,House,"lat: 51.5073509,long: -0.1277583"
193,2.0,3.0,,2.0,1764,2019-09-03,1750000.0,House,"lat: 51.5073509,long: -0.1277583"
194,,4.0,1 m²,6.0,1765,2019-08-20,2500000.0,House,"lat: 51.5073509,long: -0.1277583"
195,1.0,2.0,,,1769,2019-09-17,750000.0,Townhouse,"lat: 51.5073509,long: -0.1277583"
196,2.0,3.0,338 m²,2.0,1770,2019-08-22,1695000.0,House,"lat: 51.5073509,long: -0.1277583"
197,2.0,3.0,1 m²,2.0,1773,2019-08-29,1899000.0,House,"lat: 51.5073509,long: -0.1277583"
198,1.0,2.0,74 m²,,1776,2019-10-15,549000.0,Apartment / Flat,"lat: 51.5073509,long: -0.1277583"
199,1.0,2.0,66 m²,,1783,2019-09-10,645000.0,Townhouse,"lat: 51.5073509,long: -0.1277583"
200,2.0,4.0,,3.0,1787,2019-10-29,2250000.0,Townhouse,"lat: 51.5073509,long: -0.1277583"
201,1.0,2.0,220 m²,,1792,2019-10-03,400000.0,House,"lat: 51.5073509,long: -0.1277583"
202,3.0,5.0,,2.0,1799,2019-10-16,2800000.0,House,"lat: 51.5073509,long: -0.1277583"
203,2.0,3.0,302 m²,2.0,1804,2019-08-30,1750000.0,Townhouse,"lat: 51.5073509,long: -0.1277583"
204,2.0,3.0,,2.0,1805,2019-11-01,2500000.0,House,"lat: 51.5073509,long: -0.1277583"
205,3.0,4.0,,,1808,2019-10-01,1350000.0,House,"lat: 51.5073509,long: -0.1277583"
206,2.0,3.0,,2.0,1811,2019-09-20,2650000.0,House,"lat: 51.5073509,long: -0.1277583"
207,2.0,4.0,746 m²,2.0,1812,2019-09-12,2750000.0,House,"lat: 51.5073509,long: -0.1277583"
208,2.0,3.0,80 m²,,1823,2019-08-28,753000.0,House,"lat: 51.5073509,long: -0.1277583"
209,2.0,3.0,,,1825,2019-08-22,855000.0,Townhouse,"lat: 51.5073509,long: -0.1277583"
210,2.0,3.0,104 m²,2.0,1839,2019-08-26,830000.0,House,"lat: 51.5073509,long: -0.1277583"
211,,3.0,1 m²,2.0,1844,2019-08-12,1595000.0,House,"lat: 51.5073509,long: -0.1277583"
212,2.0,3.0,110 m²,,1853,2019-08-21,1075000.0,Townhouse,"lat: 51.5073509,long: -0.1277583"
213,2.0,4.0,1 001 m²,,1855,2019-08-19,1490000.0,House,"lat: 51.5073509,long: -0.1277583"
214,3.0,5.0,,2.0,1856,2019-08-19,3850000.0,House,"lat: 51.5073509,long: -0.1277583"
215,2.0,2.0,88 m²,,1860,2019-10-11,900000.0,Townhouse,"lat: 51.5073509,long: -0.1277583"
216,2.0,4.0,,2.0,1865,2019-09-11,2600000.0,House,"lat: 51.5073509,long: -0.1277583"
217,3.0,4.0,1 357 m²,2.0,1866,2019-09-16,1349000.0,House,"lat: 51.5073509,long: -0.1277583"
218,2.0,2.0,98 m²,,1869,2019-08-26,939000.0,Apartment / Flat,"lat: 51.5073509,long: -0.1277583"
219,2.0,3.0,60 m²,,1875,2019-09-25,495000.0,House,"lat: 51.5073509,long: -0.1277583"
220,,5.0,1 385 m²,5.0,1878,2019-08-15,3150000.0,House,"lat: 51.5073509,long: -0.1277583"
221,2.0,3.0,,,1879,2019-10-24,1295000.0,Townhouse,"lat: 51.5073509,long: -0.1277583"
222,1.0,2.0,123 m²,2.0,1880,2019-09-25,995000.0,Townhouse,"lat: 51.5073509,long: -0.1277583"
223,,4.0,1 086 m²,2.0,1881,2019-09-25,2199000.0,House,"lat: 51.5073509,long: -0.1277583"
224,3.0,5.0,,6.0,1882,2019-10-10,2250000.0,House,"lat: 51.5073509,long: -0.1277583"
225,3.0,4.0,1 547 m²,2.0,1888,2019-08-16,1750000.0,House,"lat: 51.5073509,long: -0.1277583"
226,2.0,3.0,131 m²,1.0,1896,2019-09-27,1399000.0,Townhouse,"lat: 51.5073509,long: -0.1277583"
227,1.0,2.0,67 m²,,1899,2019-07-29,575000.0,Apartment / Flat,"lat: 51.5073509,long: -0.1277583"
228,2.0,3.0,240 m²,2.0,1900,2019-08-28,1850000.0,Townhouse,"lat: 51.5073509,long: -0.1277583"
229,2.0,4.0,,2.0,1907,2019-10-10,1799000.0,House,"lat: 51.5073509,long: -0.1277583"
230,1.0,2.0,64 m²,,1911,2019-08-23,530000.0,Townhouse,"lat: 51.5073509,long: -0.1277583"
231,1.0,2.0,40 m²,,1912,2019-08-23,573160.0,House,"lat: 51.5073509,long: -0.1277583"
232,2.0,3.0,930 m²,2.0,1914,2019-08-01,1695000.0,House,"lat: 51.5073509,long: -0.1277583"
233,5.0,6.0,1 983 m²,5.0,1915,2019-09-20,3300000.0,House,"lat: 51.5073509,long: -0.1277583"
234,2.0,3.0,200 m²,2.0,1922,2019-07-29,2495000.0,House,"lat: 51.5073509,long: -0.1277583"
235,2.0,3.0,,2.0,1928,2019-10-30,1395000.0,House,"lat: 51.5073509,long: -0.1277583"
236,2.0,4.0,,2.0,1930,2019-10-30,2779000.0,House,"lat: 51.5073509,long: -0.1277583"
237,2.0,2.0,89 m²,1.0,1931,2019-08-12,710000.0,Apartment / Flat,"lat: 51.5073509,long: -0.1277583"
238,2.0,3.0,,1.0,1932,2019-10-25,1650000.0,House,"lat: 51.5073509,long: -0.1277583"
239,2.0,3.0,,6.0,1942,2019-09-10,3000000.0,House,"lat: 51.5073509,long: -0.1277583"
240,,2.0,111 m²,,1946,2019-07-16,1080000.0,Townhouse,"lat: 51.5073509,long: -0.1277583"
241,2.0,4.0,242 m²,,1948,2019-08-21,1650000.0,House,"lat: 51.5073509,long: -0.1277583"
242,1.0,2.0,68 m²,,1949,2019-09-28,780000.0,Townhouse,"lat: 51.5073509,long: -0.1277583"
243,2.0,2.0,426 m²,2.0,1951,2019-09-15,2549000.0,House,"lat: 51.5073509,long: -0.1277583"
244,4.0,4.0,700 m²,2.0,1952,2019-09-12,5250000.0,House,"lat: 51.5073509,long: -0.1277583"
245,2.0,3.0,500 m²,2.0,1955,2019-07-29,2375000.0,House,"lat: 51.5073509,long: -0.1277583"
246,2.0,3.0,,2.0,1958,2019-10-14,1800000.0,House,"lat: 51.5073509,long: -0.1277583"
247,2.0,3.0,99 m²,1.0,1965,2019-08-20,1075000.0,House,"lat: 51.5073509,long: -0.1277583"
248,2.0,4.0,,,1968,2019-10-01,2950000.0,House,"lat: 51.5073509,long: -0.1277583"
249,2.0,3.0,991 m²,,1970,2019-10-09,1250000.0,House,"lat: 51.5073509,long: -0.1277583"
250,1.0,2.0,,,1972,2019-10-23,820000.0,Apartment / Flat,"lat: 51.5073509,long: -0.1277583"
251,2.0,9.0,,,1978,2019-10-17,950000.0,House,"lat: 51.5073509,long: -0.1277583"
252,2.0,3.0,,2.0,1981,2019-10-10,2200000.0,House,"lat: 51.5073509,long: -0.1277583"
253,2.0,3.0,1 005 m²,2.0,1995,2019-10-02,1250000.0,House,"lat: 51.5073509,long: -0.1277583"
254,2.0,3.0,,2.0,1996,2019-08-19,1890000.0,House,"lat: 51.5073509,long: -0.1277583"
255,,3.0,225 m²,1.0,1998,2019-09-04,1995000.0,Townhouse,"lat: 51.5073509,long: -0.1277583"
256,2.0,3.0,,,1999,2019-10-15,839900.0,House,"lat: 51.5073509,long: -0.1277583"
257,2.0,3.0,990 m²,2.0,1,2019-07-16,1395000.0,House,"lat: 51.5073509,long: -0.1277583"
258,1.0,2.0,79 m²,,2000,2019-09-30,699000.0,Townhouse,"lat: 51.5073509,long: -0.1277583"
259,2.0,4.0,360 m²,2.0,2001,2019-06-25,2350000.0,House,"lat: 51.5073509,long: -0.1277583"
260,2.0,3.0,129 m²,2.0,2006,2019-09-06,1100000.0,House,"lat: 51.5073509,long: -0.1277583"
261,1.0,2.0,76 m²,,2008,2019-07-19,750000.0,Townhouse,"lat: 51.5073509,long: -0.1277583"
262,3.0,4.0,570 m²,2.0,2011,2019-07-22,2550000.0,House,"lat: 51.5073509,long: -0.1277583"
263,,,90 m²,,2013,2019-08-23,895000.0,Townhouse,"lat: 51.5073509,long: -0.1277583"
264,2.0,3.0,141 m²,2.0,2014,2019-08-07,1280000.0,Townhouse,"lat: 51.5073509,long: -0.1277583"
265,1.0,1.0,58 m²,,2033,2019-06-19,499000.0,Apartment / Flat,"lat: 51.5073509,long: -0.1277583"
266,6.0,8.0,580 m²,2.0,2040,2019-07-17,2595000.0,House,"lat: 51.5073509,long: -0.1277583"
267,1.0,2.0,66 m²,,2045,2019-09-23,600000.0,Townhouse,"lat: 51.5073509,long: -0.1277583"
268,2.0,3.0,991 m²,,2046,2019-10-03,1250000.0,House,"lat: 51.5073509,long: -0.1277583"
269,2.0,3.0,1 m²,1.0,2047,2019-08-20,1499000.0,House,"lat: 51.5073509,long: -0.1277583"
270,3.0,3.0,136 m²,1.0,2054,2019-08-19,1090000.0,Townhouse,"lat: 51.5073509,long: -0.1277583"
271,,3.0,141 m²,1.0,2058,2019-10-31,1350000.0,House,"lat: 51.5073509,long: -0.1277583"
272,,3.0,137 m²,1.0,2062,2019-07-31,1099000.0,Townhouse,"lat: 51.5073509,long: -0.1277583"
273,5.0,5.0,1 950 m²,5.0,2063,2017-12-11,18500000.0,House,"lat: 51.5073509,long: -0.1277583"
274,2.0,4.0,1 509 m²,1.0,2067,2019-10-04,1550000.0,House,"lat: 51.5073509,long: -0.1277583"
275,2.0,3.0,156 m²,2.0,2068,2019-09-13,1650000.0,Apartment / Flat,"lat: 51.5073509,long: -0.1277583"
276,1.0,2.0,73 m²,,2071,2019-09-17,865000.0,Townhouse,"lat: 51.5073509,long: -0.1277583"
277,1.0,3.0,1 m²,2.0,2072,2019-08-28,1250000.0,House,"lat: 51.5073509,long: -0.1277583"
278,1.0,2.0,60 m²,,2076,2019-10-10,750000.0,House,"lat: 51.5073509,long: -0.1277583"
279,2.0,3.0,180 m²,,2077,2019-08-21,837000.0,House,"lat: 51.5073509,long: -0.1277583"
280,2.0,2.0,67 m²,,2079,2019-09-06,1139000.0,Apartment / Flat,"lat: 51.5073509,long: -0.1277583"
281,1.0,2.0,,1.0,2082,2019-08-19,825000.0,Townhouse,"lat: 51.5073509,long: -0.1277583"
282,2.0,2.0,102 m²,2.0,2087,2019-09-19,1250000.0,House,"lat: 51.5073509,long: -0.1277583"
283,2.0,4.0,8 514 m²,2.0,2091,2019-09-11,2150000.0,House,"lat: 51.5073509,long: -0.1277583"
284,,3.0,417 m²,2.0,2094,2019-07-31,3325000.0,House,"lat: 51.5073509,long: -0.1277583"
285,1.0,2.0,,1.0,2097,2019-10-31,620000.0,Townhouse,"lat: 51.5073509,long: -0.1277583"
286,1.0,2.0,,,2098,2019-08-21,945000.0,Townhouse,"lat: 51.5073509,long: -0.1277583"
287,,,,,2103,2019-10-19,550000.0,House,"lat: 51.5073509,long: -0.1277583"
288,2.0,5.0,123 m²,2.0,2106,2019-07-31,1590000.0,Townhouse,"lat: 51.5073509,long: -0.1277583"
289,1.0,3.0,180 m²,,2108,2019-10-15,700000.0,House,"lat: 51.5073509,long: -0.1277583"
290,1.0,4.0,,2.0,2114,2019-08-21,1890000.0,House,"lat: 51.5073509,long: -0.1277583"
291,2.0,4.0,220 m²,2.0,2120,2019-07-15,1095000.0,House,"lat: 51.5073509,long: -0.1277583"
292,1.0,3.0,75 m²,,2121,2019-07-11,829000.0,House,"lat: 51.5073509,long: -0.1277583"
293,1.0,2.0,,,2127,2019-10-29,545000.0,Apartment / Flat,"lat: 51.5073509,long: -0.1277583"
294,3.0,4.0,992 m²,2.0,2132,2019-07-29,1799000.0,House,"lat: 51.5073509,long: -0.1277583"
295,3.0,4.0,1 000 m²,2.0,2138,2019-09-14,1579000.0,House,"lat: 51.5073509,long: -0.1277583"
296,2.0,3.0,,1.0,2147,2019-10-10,1400000.0,House,"lat: 51.5073509,long: -0.1277583"
297,1.0,2.0,71 m²,,2150,2019-08-01,885000.0,Townhouse,"lat: 51.5073509,long: -0.1277583"
298,,3.0,208 m²,1.0,2153,2019-10-07,1200000.0,House,"lat: 51.5073509,long: -0.1277583"
299,2.0,3.0,56 m²,,2156,2019-08-08,815000.0,House,"lat: 51.5073509,long: -0.1277583"
300,1.0,1.0,4 361 m²,,2165,2019-08-19,750000.0,Townhouse,"lat: 51.5073509,long: -0.1277583"
301,,4.0,1022 m²,2.0,2175,2019-07-11,1980000.0,House,"lat: 51.5073509,long: -0.1277583"
302,3.0,4.0,611 m²,4.0,2177,2019-08-01,4250000.0,House,"lat: 51.5073509,long: -0.1277583"
303,1.0,2.0,74 m²,,2182,2019-08-22,770000.0,Apartment / Flat,"lat: 51.5073509,long: -0.1277583"
304,,4.0,219 m²,2.0,2186,2019-07-08,3299000.0,Townhouse,"lat: 51.5073509,long: -0.1277583"
305,2.0,3.0,235 m²,3.0,2198,2019-07-04,2440000.0,House,"lat: 51.5073509,long: -0.1277583"
306,1.0,2.0,77 m²,,2201,2019-08-08,610000.0,Townhouse,"lat: 51.5073509,long: -0.1277583"
307,1.0,3.0,70 m²,,2203,2019-09-21,565000.0,Townhouse,"lat: 51.5073509,long: -0.1277583"
308,2.0,3.0,,2.0,2206,2019-09-25,900000.0,House,"lat: 51.5073509,long: -0.1277583"
309,,3.0,305 m²,3.0,2209,2018-09-25,3950000.0,House,"lat: 51.5073509,long: -0.1277583"
310,2.0,3.0,184 m²,1.0,2211,2019-09-11,1650000.0,Townhouse,"lat: 51.5073509,long: -0.1277583"
311,1.0,2.0,64 m²,,2212,2019-07-09,670000.0,Townhouse,"lat: 51.5073509,long: -0.1277583"
312,1.0,2.0,45 m²,,2215,2019-08-23,573160.0,House,"lat: 51.5073509,long: -0.1277583"
313,3.0,4.0,1 m²,1.0,2227,2019-07-04,1580000.0,House,"lat: 51.5073509,long: -0.1277583"
314,3.0,6.0,350 m²,2.0,2228,2019-07-03,2595000.0,House,"lat: 51.5073509,long: -0.1277583"
315,2.0,3.0,,,2230,2019-09-02,850000.0,House,"lat: 51.5073509,long: -0.1277583"
316,6.0,6.0,900 m²,3.0,2237,2019-08-30,11500000.0,House,"lat: 51.5073509,long: -0.1277583"
317,2.0,3.0,70 m²,,2238,2019-08-19,890000.0,House,"lat: 51.5073509,long: -0.1277583"
318,,3.0,1 580 m²,,2243,2019-09-26,2250000.0,House,"lat: 51.5073509,long: -0.1277583"
319,2.0,2.0,82 m²,,2244,2019-07-16,1100000.0,Apartment / Flat,"lat: 51.5073509,long: -0.1277583"
320,3.0,3.0,303 m²,1.0,2251,2019-08-30,2545000.0,House,"lat: 51.5073509,long: -0.1277583"
321,2.0,4.0,1 543 m²,2.0,2256,2019-06-05,1795000.0,House,"lat: 51.5073509,long: -0.1277583"
322,1.0,2.0,,,2264,2019-10-10,490000.0,Apartment / Flat,"lat: 51.5073509,long: -0.1277583"
323,4.0,4.0,501 m²,,2265,2019-06-24,6250000.0,House,"lat: 51.5073509,long: -0.1277583"
324,2.0,3.0,859 m²,2.0,2266,2019-08-12,2000000.0,House,"lat: 51.5073509,long: -0.1277583"
325,2.0,4.0,265 m²,3.0,2267,2019-09-18,1925000.0,House,"lat: 51.5073509,long: -0.1277583"
326,,4.0,380 m²,2.0,2269,2019-06-07,4450000.0,House,"lat: 51.5073509,long: -0.1277583"
327,1.0,2.0,,1.0,2275,2019-07-02,920000.0,Apartment / Flat,"lat: 51.5073509,long: -0.1277583"
328,3.0,4.0,2 018 m²,2.0,2278,2019-09-08,2250000.0,House,"lat: 51.5073509,long: -0.1277583"
329,2.0,3.0,185 m²,2.0,2280,2019-05-03,1850000.0,House,"lat: 51.5073509,long: -0.1277583"
330,2.0,3.0,150 m²,2.0,2286,2019-09-26,1239000.0,Townhouse,"lat: 51.5073509,long: -0.1277583"
331,2.0,3.0,900 m²,,2288,2019-07-26,1349000.0,House,"lat: 51.5073509,long: -0.1277583"
332,5.0,5.0,492 m²,3.0,2290,2019-05-25,8990000.0,House,"lat: 51.5073509,long: -0.1277583"
333,2.0,3.0,850 m²,2.0,2298,2019-07-16,1399000.0,House,"lat: 51.5073509,long: -0.1277583"
334,3.0,3.0,500 m²,3.0,2299,2019-07-16,5795000.0,House,"lat: 51.5073509,long: -0.1277583"
335,2.0,2.0,88 m²,,2301,2019-08-24,875000.0,Townhouse,"lat: 51.5073509,long: -0.1277583"
336,2.0,3.0,,2.0,2308,2019-10-15,1650000.0,House,"lat: 51.5073509,long: -0.1277583"
337,4.0,4.0,675 m²,2.0,2333,2019-07-01,4950000.0,House,"lat: 51.5073509,long: -0.1277583"
338,1.0,2.0,45 m²,,2335,2019-10-02,520000.0,House,"lat: 51.5073509,long: -0.1277583"
339,2.0,3.0,844 m²,2.0,2339,2019-08-15,1575000.0,House,"lat: 51.5073509,long: -0.1277583"
340,,4.0,380 m²,2.0,2342,2019-07-05,4480000.0,House,"lat: 51.5073509,long: -0.1277583"
341,2.0,3.0,220 m²,2.0,2343,2019-08-15,1395000.0,Townhouse,"lat: 51.5073509,long: -0.1277583"
342,2.0,4.0,1069 m²,2.0,2358,2019-06-19,1825000.0,House,"lat: 51.5073509,long: -0.1277583"
343,2.0,3.0,,2.0,2359,2019-08-08,1650000.0,House,"lat: 51.5073509,long: -0.1277583"
344,2.0,3.0,1 000 m²,2.0,2364,2019-11-01,2750000.0,House,"lat: 51.5073509,long: -0.1277583"
345,2.0,3.0,687 m²,2.0,2366,2019-09-13,2295000.0,House,"lat: 51.5073509,long: -0.1277583"
346,2.0,4.0,522 m²,2.0,2367,2019-08-16,2800000.0,House,"lat: 51.5073509,long: -0.1277583"
347,2.0,3.0,,1.0,2371,2019-10-10,1400000.0,House,"lat: 51.5073509,long: -0.1277583"
348,1.0,2.0,125 m²,2.0,2372,2019-05-18,899000.0,Townhouse,"lat: 51.5073509,long: -0.1277583"
349,1.0,3.0,80 m²,,2373,2019-07-04,880000.0,Townhouse,"lat: 51.5073509,long: -0.1277583"
350,1.0,2.0,,,2380,2019-10-22,930000.0,Apartment / Flat,"lat: 51.5073509,long: -0.1277583"
351,2.0,3.0,200 m²,1.0,2388,2019-08-21,1349000.0,House,"lat: 51.5073509,long: -0.1277583"
352,2.0,2.0,92 m²,,2389,2019-07-10,980000.0,Apartment / Flat,"lat: 51.5073509,long: -0.1277583"
353,,5.0,460 m²,3.0,2391,2019-05-22,5250000.0,House,"lat: 51.5073509,long: -0.1277583"
354,2.0,3.0,200 m²,1.0,2407,2019-09-03,1349000.0,House,"lat: 51.5073509,long: -0.1277583"
355,1.0,2.0,66 m²,,2409,2019-09-27,645000.0,Townhouse,"lat: 51.5073509,long: -0.1277583"
356,1.0,2.0,,,2416,2019-09-04,700000.0,Townhouse,"lat: 51.5073509,long: -0.1277583"
357,2.0,3.0,310 m²,2.0,2418,2019-06-21,1400000.0,House,"lat: 51.5073509,long: -0.1277583"
358,2.0,3.0,1 m²,2.0,2428,2019-06-12,1595000.0,House,"lat: 51.5073509,long: -0.1277583"
359,,4.0,1 m²,2.0,2429,2019-04-04,3490000.0,House,"lat: 51.5073509,long: -0.1277583"
360,,3.0,690 m²,2.0,2438,2019-07-06,3985000.0,House,"lat: 51.5073509,long: -0.1277583"
361,2.0,2.0,98 m²,1.0,2442,2019-08-08,880000.0,Apartment / Flat,"lat: 51.5073509,long: -0.1277583"
362,2.0,3.0,959 m²,2.0,2444,2019-07-30,999000.0,House,"lat: 51.5073509,long: -0.1277583"
363,1.0,2.0,66 m²,,2446,2019-09-10,645000.0,Apartment / Flat,"lat: 51.5073509,long: -0.1277583"
364,6.0,6.0,,3.0,2449,2019-09-04,7500000.0,House,"lat: 51.5073509,long: -0.1277583"
365,2.0,4.0,183 m²,2.0,2450,2019-06-27,2900000.0,House,"lat: 51.5073509,long: -0.1277583"
366,1.0,2.0,252 m²,,2451,2019-10-25,280000.0,House,"lat: 51.5073509,long: -0.1277583"
367,2.0,3.0,30 800 m²,1.0,2460,2019-07-19,2900000.0,House,"lat: 51.5073509,long: -0.1277583"
368,2.0,3.0,280 m²,1.0,2465,2019-10-07,720000.0,House,"lat: 51.5073509,long: -0.1277583"
369,2.0,3.0,879 m²,,2466,2019-08-30,1590000.0,House,"lat: 51.5073509,long: -0.1277583"
370,1.0,2.0,40 m²,,2467,2019-08-02,470000.0,House,"lat: 51.5073509,long: -0.1277583"
371,6.0,5.0,650 m²,4.0,2477,2019-04-04,7990000.0,House,"lat: 51.5073509,long: -0.1277583"
372,1.0,2.0,72 m²,,2483,2019-08-08,730000.0,House,"lat: 51.5073509,long: -0.1277583"
373,1.0,2.0,64 m²,1.0,2485,2019-08-03,795000.0,Apartment / Flat,"lat: 51.5073509,long: -0.1277583"
374,,,,,2489,2019-09-17,525000.0,Townhouse,"lat: 51.5073509,long: -0.1277583"
375,1.0,2.0,45 m²,,2490,2019-07-16,465000.0,House,"lat: 51.5073509,long: -0.1277583"
376,2.0,3.0,955 m²,1.0,2494,2019-07-02,1150000.0,House,"lat: 51.5073509,long: -0.1277583"
377,2.0,3.0,,2.0,2495,2019-07-16,2200000.0,House,"lat: 51.5073509,long: -0.1277583"
378,,4.0,567 m²,2.0,2503,2019-07-01,3650000.0,House,"lat: 51.5073509,long: -0.1277583"
379,2.0,4.0,744 m²,1.0,2504,2019-06-04,1295000.0,House,"lat: 51.5073509,long: -0.1277583"
380,3.0,4.0,954 m²,2.0,2506,2019-07-03,1795000.0,House,"lat: 51.5073509,long: -0.1277583"
381,4.0,4.0,552 m²,4.0,2508,2019-06-06,2210000.0,House,"lat: 51.5073509,long: -0.1277583"
382,2.0,4.0,,,2510,2019-07-02,1950000.0,House,"lat: 51.5073509,long: -0.1277583"
383,2.0,3.0,,2.0,2515,2019-10-10,1375000.0,House,"lat: 51.5073509,long: -0.1277583"
384,,3.0,436 m²,2.0,2523,2019-05-31,2150000.0,House,"lat: 51.5073509,long: -0.1277583"
385,2.0,4.0,941 m²,,2532,2019-06-27,2495000.0,House,"lat: 51.5073509,long: -0.1277583"
386,2.0,4.0,300 m²,2.0,2535,2019-09-02,490000.0,House,"lat: 51.5073509,long: -0.1277583"
387,2.0,2.0,92 m²,,2537,2019-05-30,1100000.0,Apartment / Flat,"lat: 51.5073509,long: -0.1277583"
388,1.0,2.0,70 m²,,2538,2019-07-18,675000.0,Townhouse,"lat: 51.5073509,long: -0.1277583"
389,1.0,2.0,,,2547,2019-07-06,550000.0,Apartment / Flat,"lat: 51.5073509,long: -0.1277583"
390,4.0,4.0,800 m²,4.0,2550,2019-07-11,13250000.0,House,"lat: 51.5073509,long: -0.1277583"
391,4.0,6.0,20 000 m²,6.0,2553,2019-08-27,3750000.0,House,"lat: 51.5073509,long: -0.1277583"
392,1.0,3.0,62 m²,,2555,2019-06-20,635000.0,Townhouse,"lat: 51.5073509,long: -0.1277583"
393,1.0,2.0,80 m²,,2556,2019-06-21,1150000.0,Townhouse,"lat: 51.5073509,long: -0.1277583"
394,2.0,4.0,1 627 m²,2.0,2562,2019-08-06,1980000.0,House,"lat: 51.5073509,long: -0.1277583"
395,2.0,2.0,74 m²,,2565,2019-06-01,1095000.0,Townhouse,"lat: 51.5073509,long: -0.1277583"
396,2.0,3.0,208 m²,2.0,2571,2019-05-27,1290000.0,House,"lat: 51.5073509,long: -0.1277583"
397,2.0,3.0,991 m²,2.0,2588,2019-07-27,1050000.0,House,"lat: 51.5073509,long: -0.1277583"
398,2.0,3.0,,1.0,2601,2019-05-21,1450000.0,Townhouse,"lat: 51.5073509,long: -0.1277583"
399,1.0,2.0,256 m²,,2606,2019-11-01,240000.0,House,"lat: 51.5073509,long: -0.1277583"
400,2.0,3.0,1 627 m²,2.0,2609,2019-07-09,2150000.0,House,"lat: 51.5073509,long: -0.1277583"
401,,5.0,1 135 m²,3.0,2613,2019-07-28,3999999.0,House,"lat: 51.5073509,long: -0.1277583"
402,2.0,3.0,1 000 m²,1.0,2623,2019-06-19,1050000.0,House,"lat: 51.5073509,long: -0.1277583"
403,,5.0,700 m²,3.0,2628,2018-11-19,3650000.0,House,"lat: 51.5073509,long: -0.1277583"
404,2.0,2.0,84 m²,,2631,2019-06-03,1149000.0,Townhouse,"lat: 51.5073509,long: -0.1277583"
405,2.0,3.0,400 m²,2.0,2632,2019-09-04,2295000.0,House,"lat: 51.5073509,long: -0.1277583"
406,2.0,2.0,95 m²,,2637,2019-08-12,1000000.0,Townhouse,"lat: 51.5073509,long: -0.1277583"
407,2.0,3.0,991 m²,2.0,2639,2019-05-21,2200000.0,House,"lat: 51.5073509,long: -0.1277583"
408,,3.0,1 297 m²,2.0,2642,2019-07-16,3490000.0,House,"lat: 51.5073509,long: -0.1277583"
409,1.0,1.0,47 m²,,2644,2019-06-21,530000.0,Townhouse,"lat: 51.5073509,long: -0.1277583"
410,,6.0,1 500 m²,2.0,2649,2019-03-19,1995000.0,House,"lat: 51.5073509,long: -0.1277583"
411,2.0,3.0,82 m²,,2651,2019-06-19,875000.0,Townhouse,"lat: 51.5073509,long: -0.1277583"
412,2.0,3.0,1 020 m²,2.0,2652,2019-08-14,1395000.0,House,"lat: 51.5073509,long: -0.1277583"
413,2.0,3.0,135 m²,,2656,2019-06-05,1200000.0,Apartment / Flat,"lat: 51.5073509,long: -0.1277583"
414,1.0,2.0,,,2659,2019-03-20,440000.0,House,"lat: 51.5073509,long: -0.1277583"
415,2.0,4.0,235 m²,2.0,2669,2019-05-28,2150000.0,House,"lat: 51.5073509,long: -0.1277583"
416,2.0,3.0,99 m²,1.0,2674,2019-05-24,1078947.0,House,"lat: 51.5073509,long: -0.1277583"
417,2.0,3.0,82 m²,,2676,2019-05-21,860000.0,Apartment / Flat,"lat: 51.5073509,long: -0.1277583"
418,2.0,3.0,714 m²,,2677,2019-06-21,1390000.0,House,"lat: 51.5073509,long: -0.1277583"
419,1.0,2.0,72 m²,,2681,2019-07-05,890000.0,Apartment / Flat,"lat: 51.5073509,long: -0.1277583"
420,3.0,5.0,,2.0,2683,2019-07-12,2300000.0,House,"lat: 51.5073509,long: -0.1277583"
421,,4.0,1488 m²,3.0,2689,2019-06-05,4995000.0,House,"lat: 51.5073509,long: -0.1277583"
422,2.0,2.0,72 m²,,2695,2019-08-22,730000.0,Apartment / Flat,"lat: 51.5073509,long: -0.1277583"
423,1.0,2.0,79 m²,1.0,2698,2019-07-03,850000.0,Townhouse,"lat: 51.5073509,long: -0.1277583"
424,3.0,4.0,600 m²,2.0,2699,2019-09-03,3860000.0,House,"lat: 51.5073509,long: -0.1277583"
425,2.0,3.0,163 m²,2.0,2702,2019-08-15,2490000.0,Townhouse,"lat: 51.5073509,long: -0.1277583"
426,2.0,4.0,1 619 m²,2.0,2705,2019-06-25,2690000.0,House,"lat: 51.5073509,long: -0.1277583"
427,,1.0,,,2706,2019-07-23,677000.0,Apartment / Flat,"lat: 51.5073509,long: -0.1277583"
428,2.0,3.0,1 000 m²,,2708,2018-11-06,1640000.0,House,"lat: 51.5073509,long: -0.1277583"
429,2.0,3.0,1 m²,2.0,2710,2019-10-08,1799000.0,House,"lat: 51.5073509,long: -0.1277583"
430,2.0,2.0,89 m²,,2711,2019-08-29,945000.0,Apartment / Flat,"lat: 51.5073509,long: -0.1277583"
431,2.0,2.0,120 m²,1.0,2712,2019-05-19,1099000.0,Townhouse,"lat: 51.5073509,long: -0.1277583"
432,1.0,2.0,3000 m²,1.0,2719,2019-09-18,9800000.0,Apartment / Flat,"lat: 51.5073509,long: -0.1277583"
433,1.0,2.0,61 m²,,2722,2019-08-15,650000.0,Apartment / Flat,"lat: 51.5073509,long: -0.1277583"
434,3.0,4.0,182 m²,1.0,2728,2019-06-18,1290000.0,Apartment / Flat,"lat: 51.5073509,long: -0.1277583"
435,2.0,3.0,,1.0,2735,2019-07-30,1895000.0,House,"lat: 51.5073509,long: -0.1277583"
436,3.0,4.0,930 m²,,2736,2019-08-07,5499000.0,House,"lat: 51.5073509,long: -0.1277583"
437,,4.0,638 m²,2.0,2739,2019-05-14,3940000.0,House,"lat: 51.5073509,long: -0.1277583"
438,2.0,3.0,1 000 m²,2.0,2740,2019-07-18,1350000.0,House,"lat: 51.5073509,long: -0.1277583"
439,2.0,3.0,,,2743,2019-08-23,1899000.0,House,"lat: 51.5073509,long: -0.1277583"
440,1.0,2.0,,,2765,2019-08-20,900000.0,Townhouse,"lat: 51.5073509,long: -0.1277583"
441,2.0,2.0,84 m²,,2767,2019-08-07,1099000.0,Apartment / Flat,"lat: 51.5073509,long: -0.1277583"
442,2.0,3.0,77 m²,,2768,2019-07-18,850000.0,Townhouse,"lat: 51.5073509,long: -0.1277583"
443,2.0,3.0,60 m²,,2769,2019-05-09,906864.0,House,"lat: 51.5073509,long: -0.1277583"
444,2.0,3.0,146 m²,2.0,2790,2019-06-07,1350000.0,Townhouse,"lat: 51.5073509,long: -0.1277583"
445,4.0,4.0,400 m²,3.0,2791,2019-02-25,4249000.0,House,"lat: 51.5073509,long: -0.1277583"
446,,,,,2792,2019-09-19,2600000.0,House,"lat: 51.5073509,long: -0.1277583"
447,2.0,3.0,168 m²,2.0,2793,2019-05-19,1295000.0,Townhouse,"lat: 51.5073509,long: -0.1277583"
448,1.0,2.0,79 m²,,2799,2019-06-11,775000.0,Townhouse,"lat: 51.5073509,long: -0.1277583"
449,,,225 m²,,2802,2019-06-12,2195000.0,Apartment / Flat,"lat: 51.5073509,long: -0.1277583"
450,2.0,3.0,99 m²,,2804,2019-05-03,1100000.0,Townhouse,"lat: 51.5073509,long: -0.1277583"
451,2.0,2.0,117 m²,,2807,2019-08-15,1600000.0,Townhouse,"lat: 51.5073509,long: -0.1277583"
452,,,,,2808,2019-09-25,1200000.0,House,"lat: 51.5073509,long: -0.1277583"
453,1.0,3.0,113 m²,1.0,2814,2019-05-23,820000.0,Townhouse,"lat: 51.5073509,long: -0.1277583"
454,2.0,4.0,,2.0,2820,2019-07-29,1990000.0,House,"lat: 51.5073509,long: -0.1277583"
455,2.0,3.0,,2.0,2829,2019-07-02,1349000.0,Townhouse,"lat: 51.5073509,long: -0.1277583"
456,2.0,2.0,120 m²,1.0,2838,2019-07-16,1195000.0,House,"lat: 51.5073509,long: -0.1277583"
457,2.0,3.0,,,2843,2019-09-17,850000.0,House,"lat: 51.5073509,long: -0.1277583"
458,2.0,3.0,892 m²,2.0,2848,2019-05-13,1750000.0,House,"lat: 51.5073509,long: -0.1277583"
459,2.0,4.0,451 m²,1.0,2862,2019-10-09,,House,"lat: 51.5073509,long: -0.1277583"
460,2.0,4.0,,2.0,2867,2019-06-08,1450000.0,House,"lat: 51.5073509,long: -0.1277583"
461,2.0,3.0,,,2870,2019-10-22,1860000.0,Townhouse,"lat: 51.5073509,long: -0.1277583"
462,1.0,1.0,48 m²,,2871,2019-07-18,525000.0,Apartment / Flat,"lat: 51.5073509,long: -0.1277583"
463,2.0,2.0,,,2872,2019-08-19,790000.0,Townhouse,"lat: 51.5073509,long: -0.1277583"
464,2.0,3.0,941 m²,,2873,2019-08-12,1450000.0,House,"lat: 51.5073509,long: -0.1277583"
465,1.0,3.0,,,2877,2019-10-14,800000.0,House,"lat: 51.5073509,long: -0.1277583"
466,1.0,2.0,,,2881,2019-10-18,930000.0,House,"lat: 51.5073509,long: -0.1277583"
467,2.0,3.0,1 710 m²,1.0,2882,2019-07-11,1795000.0,House,"lat: 51.5073509,long: -0.1277583"
468,3.0,3.0,,2.0,2884,2019-09-14,2280000.0,House,"lat: 51.5073509,long: -0.1277583"
469,3.0,4.0,,2.0,2888,2019-07-28,1890000.0,House,"lat: 51.5073509,long: -0.1277583"
470,,3.0,902 m²,2.0,2891,2019-07-29,1480000.0,House,"lat: 51.5073509,long: -0.1277583"
471,2.0,2.0,68 m²,,2894,2019-06-04,1295000.0,Apartment / Flat,"lat: 51.5073509,long: -0.1277583"
472,1.0,2.0,65 m²,,2899,2019-08-10,695000.0,Townhouse,"lat: 51.5073509,long: -0.1277583"
473,2.0,4.0,1 500 m²,2.0,2901,2019-03-06,1699000.0,House,"lat: 51.5073509,long: -0.1277583"
474,2.0,3.0,266 m²,2.0,2903,2019-08-06,3999000.0,House,"lat: 51.5073509,long: -0.1277583"
475,1.0,2.0,,1.0,2911,2019-08-12,650000.0,Apartment / Flat,"lat: 51.5073509,long: -0.1277583"
476,4.0,4.0,1 001 m²,4.0,2913,2019-09-02,5850000.0,House,"lat: 51.5073509,long: -0.1277583"
477,3.0,3.0,,2.0,2916,2019-05-30,1650000.0,House,"lat: 51.5073509,long: -0.1277583"
478,2.0,3.0,60 m²,,2920,2019-04-09,933225.0,House,"lat: 51.5073509,long: -0.1277583"
479,2.0,3.0,1 264 m²,,2924,2019-05-31,2345000.0,House,"lat: 51.5073509,long: -0.1277583"
480,2.0,3.0,,,2925,2019-09-20,950000.0,House,"lat: 51.5073509,long: -0.1277583"
481,2.0,4.0,,2.0,2935,2019-10-10,2800000.0,Apartment / Flat,"lat: 51.5073509,long: -0.1277583"
482,4.0,4.0,1 486 m²,3.0,2938,2019-03-28,7500000.0,House,"lat: 51.5073509,long: -0.1277583"
483,2.0,4.0,,2.0,2957,2019-02-19,1500000.0,House,"lat: 51.5073509,long: -0.1277583"
484,2.0,3.0,1 579 m²,2.0,2963,2019-08-23,1690000.0,House,"lat: 51.5073509,long: -0.1277583"
485,3.0,5.0,600 m²,1.0,2969,2019-07-05,3750000.0,Townhouse,"lat: 51.5073509,long: -0.1277583"
486,2.0,3.0,1 050 m²,1.0,2970,2019-07-05,1690000.0,House,"lat: 51.5073509,long: -0.1277583"
487,3.0,4.0,2 745 m²,2.0,2985,2019-05-28,2250000.0,House,"lat: 51.5073509,long: -0.1277583"
488,,4.0,1 200 m²,3.0,2988,2019-06-03,5750000.0,House,"lat: 51.5073509,long: -0.1277583"
489,2.0,3.0,,,2989,2019-10-10,899000.0,Townhouse,"lat: 51.5073509,long: -0.1277583"
490,,5.0,900 m²,4.0,2994,2018-11-15,10595000.0,House,"lat: 51.5073509,long: -0.1277583"
491,2.0,3.0,241 m²,,2999,2019-08-05,999000.0,House,"lat: 51.5073509,long: -0.1277583"
492,,4.0,380 m²,2.0,3003,2019-05-17,3950000.0,House,"lat: 51.5073509,long: -0.1277583"
493,,,,,3006,2019-09-25,2860000.0,House,"lat: 51.5073509,long: -0.1277583"
494,,4.0,414 m²,3.0,3018,2018-12-19,5399000.0,House,"lat: 51.5073509,long: -0.1277583"
495,1.0,2.0,,,3021,2019-08-26,920000.0,Apartment / Flat,"lat: 51.5073509,long: -0.1277583"
496,2.0,3.0,56 m²,,3024,2019-04-09,871110.0,House,"lat: 51.5073509,long: -0.1277583"
497,2.0,3.0,150 m²,2.0,3025,2018-10-24,1799000.0,Townhouse,"lat: 51.5073509,long: -0.1277583"
498,2.0,3.0,223 m²,1.0,3029,2019-05-20,1620000.0,Townhouse,"lat: 51.5073509,long: -0.1277583"
499,1.0,2.0,77 m²,,3030,2019-09-06,490000.0,Apartment / Flat,"lat: 51.5073509,long: -0.1277583"
500,2.0,3.0,700 m²,2.0,3032,2019-06-13,2695000.0,House,"lat: 51.5073509,long: -0.1277583"
501,1.0,3.0,55 m²,,3033,2019-08-05,605480.0,House,"lat: 51.5073509,long: -0.1277583"
502,1.0,2.0,,,3039,2019-08-19,630000.0,Apartment / Flat,"lat: 51.5073509,long: -0.1277583"
503,,2.0,40 m²,,3041,2019-07-23,573160.0,House,"lat: 51.5073509,long: -0.1277583"
504,3.0,4.0,530 m²,3.0,3043,2018-05-17,7200000.0,House,"lat: 51.5073509,long: -0.1277583"
505,2.0,4.0,554 m²,2.0,3053,2019-06-04,2095000.0,House,"lat: 51.5073509,long: -0.1277583"
506,2.0,4.0,923 m²,2.0,3061,2019-08-19,1050000.0,House,"lat: 51.5073509,long: -0.1277583"
507,3.0,3.0,106 m²,1.0,3064,2019-03-12,1157084.0,House,"lat: 51.5073509,long: -0.1277583"
508,1.0,2.0,90 m²,1.0,3067,2019-03-12,1000000.0,Townhouse,"lat: 51.5073509,long: -0.1277583"
509,1.0,2.0,82 m²,,3072,2019-03-14,899000.0,Townhouse,"lat: 51.5073509,long: -0.1277583"
510,1.0,2.0,270 m²,,3073,2019-10-31,250000.0,House,"lat: 51.5073509,long: -0.1277583"
511,1.0,2.0,65 m²,,3077,2019-07-10,725000.0,Townhouse,"lat: 51.5073509,long: -0.1277583"
512,2.0,3.0,60 m²,,3078,2019-05-25,906000.0,House,"lat: 51.5073509,long: -0.1277583"
513,3.0,4.0,1 073 m²,3.0,3079,2019-05-28,6490000.0,House,"lat: 51.5073509,long: -0.1277583"
514,,4.0,498 m²,4.0,3084,2019-03-12,5500000.0,House,"lat: 51.5073509,long: -0.1277583"
515,1.0,2.0,50 m²,,3087,2019-04-04,829700.0,House,"lat: 51.5073509,long: -0.1277583"
516,,3.0,198 m²,2.0,3090,2019-05-06,2000000.0,Townhouse,"lat: 51.5073509,long: -0.1277583"
517,1.0,2.0,45 m²,,3092,2019-09-04,490000.0,House,"lat: 51.5073509,long: -0.1277583"
518,2.0,2.0,81 m²,,3096,2019-07-18,945000.0,Townhouse,"lat: 51.5073509,long: -0.1277583"
519,5.0,5.0,422 m²,2.0,3097,2018-10-23,5995000.0,House,"lat: 51.5073509,long: -0.1277583"
520,,,200 m²,,3101,2019-10-24,90000.0,House,"lat: 51.5073509,long: -0.1277583"
521,2.0,3.0,408 m²,2.0,3103,2019-03-07,1880000.0,House,"lat: 51.5073509,long: -0.1277583"
522,,4.0,274 m²,2.0,3105,2018-11-14,1780000.0,House,"lat: 51.5073509,long: -0.1277583"
523,,,,,3106,2019-09-19,950000.0,House,"lat: 51.5073509,long: -0.1277583"
524,3.0,5.0,,1.0,3107,2019-09-02,1990000.0,House,"lat: 51.5073509,long: -0.1277583"
525,,5.0,420 m²,2.0,3113,2019-04-03,5470000.0,House,"lat: 51.5073509,long: -0.1277583"
526,1.0,2.0,40 m²,,3114,2019-03-04,573000.0,House,"lat: 51.5073509,long: -0.1277583"
527,2.0,4.0,,3.0,3117,2019-09-18,750000.0,House,"lat: 51.5073509,long: -0.1277583"
528,2.0,3.0,550 m²,2.0,3126,2019-03-20,2395000.0,House,"lat: 51.5073509,long: -0.1277583"
529,1.0,2.0,70 m²,,3129,2019-05-23,639000.0,Apartment / Flat,"lat: 51.5073509,long: -0.1277583"
530,1.0,2.0,,1.0,3133,2019-08-14,585000.0,Townhouse,"lat: 51.5073509,long: -0.1277583"
531,3.0,4.0,1 160 m²,2.0,3135,2019-05-23,2750000.0,House,"lat: 51.5073509,long: -0.1277583"
532,8.0,6.0,,6.0,3143,2019-09-17,30000000.0,House,"lat: 51.5073509,long: -0.1277583"
533,3.0,4.0,1 025 m²,2.0,3145,2019-05-30,1950000.0,House,"lat: 51.5073509,long: -0.1277583"
534,2.0,3.0,,2.0,3147,2019-09-05,1250000.0,House,"lat: 51.5073509,long: -0.1277583"
535,3.0,6.0,626 m²,2.0,3149,2019-07-17,3499000.0,House,"lat: 51.5073509,long: -0.1277583"
536,,,,,3150,2019-10-30,1350000.0,Townhouse,"lat: 51.5073509,long: -0.1277583"
537,1.0,1.0,69 m²,1.0,3153,2019-07-19,499000.0,Townhouse,"lat: 51.5073509,long: -0.1277583"
538,,6.0,550 m²,2.0,3166,2018-10-15,6495000.0,House,"lat: 51.5073509,long: -0.1277583"
539,2.0,2.0,99 m²,,3168,2019-05-26,950000.0,Townhouse,"lat: 51.5073509,long: -0.1277583"
540,2.0,2.0,92 m²,,3170,2019-04-24,995000.0,Townhouse,"lat: 51.5073509,long: -0.1277583"
541,,4.0,1 245 m²,2.0,3171,2018-11-19,3350000.0,House,"lat: 51.5073509,long: -0.1277583"
542,3.0,4.0,1 423 m²,2.0,3174,2019-03-27,2690000.0,House,"lat: 51.5073509,long: -0.1277583"
543,,4.0,500 m²,3.0,3177,2019-02-22,4780000.0,House,"lat: 51.5073509,long: -0.1277583"
544,,4.0,212 m²,2.0,3180,2019-06-28,2400000.0,Apartment / Flat,"lat: 51.5073509,long: -0.1277583"
545,2.0,3.0,150 m²,2.0,3184,2019-07-05,1430000.0,House,"lat: 51.5073509,long: -0.1277583"
546,2.0,3.0,1 030 m²,2.0,3195,2019-08-06,1620000.0,House,"lat: 51.5073509,long: -0.1277583"
547,2.0,3.0,327 m²,2.0,3197,2019-04-25,1850000.0,House,"lat: 51.5073509,long: -0.1277583"
548,1.0,2.0,200 m²,,3201,2019-03-12,492521.0,House,"lat: 51.5073509,long: -0.1277583"
549,2.0,3.0,80 m²,,3207,2019-01-31,890000.0,Townhouse,"lat: 51.5073509,long: -0.1277583"
550,,3.0,,2.0,3208,2019-08-24,4300000.0,House,"lat: 51.5073509,long: -0.1277583"
551,,,684 m²,,3210,2019-08-26,750000.0,House,"lat: 51.5073509,long: -0.1277583"
552,3.0,5.0,1 304 m²,2.0,3215,2019-06-12,1495000.0,House,"lat: 51.5073509,long: -0.1277583"
553,2.0,3.0,1 m²,2.0,3216,2019-07-05,2519000.0,House,"lat: 51.5073509,long: -0.1277583"
554,1.0,2.0,,,3229,2019-06-28,890000.0,House,"lat: 51.5073509,long: -0.1277583"
555,1.0,4.0,1 125 m²,1.0,3231,2019-08-29,1160000.0,House,"lat: 51.5073509,long: -0.1277583"
556,5.0,5.0,1300 m²,4.0,3254,2019-03-15,4750000.0,House,"lat: 51.5073509,long: -0.1277583"
557,,,800 m²,,3263,2019-04-03,5650000.0,House,"lat: 51.5073509,long: -0.1277583"
558,2.0,3.0,96 m²,,3264,2019-09-06,795000.0,Townhouse,"lat: 51.5073509,long: -0.1277583"
559,3.0,4.0,420 m²,2.0,3267,2019-02-19,,House,"lat: 51.5073509,long: -0.1277583"
560,1.0,3.0,62 m²,,3269,2019-06-12,680000.0,Townhouse,"lat: 51.5073509,long: -0.1277583"
561,3.0,5.0,1 013 m²,2.0,3273,2019-07-26,2395000.0,House,"lat: 51.5073509,long: -0.1277583"
562,,,,,3280,2019-08-28,1500000.0,House,"lat: 51.5073509,long: -0.1277583"
563,2.0,3.0,251 m²,1.0,3282,2019-05-09,1350000.0,House,"lat: 51.5073509,long: -0.1277583"
564,3.0,3.0,1 158 m²,4.0,3284,2019-06-19,3995000.0,House,"lat: 51.5073509,long: -0.1277583"
565,3.0,3.0,,2.0,3285,2019-06-25,1595000.0,Townhouse,"lat: 51.5073509,long: -0.1277583"
566,,,230 m²,,3289,2019-08-20,1375000.0,House,"lat: 51.5073509,long: -0.1277583"
567,,3.0,203 m²,2.0,3298,2019-06-07,2395000.0,Apartment / Flat,"lat: 51.5073509,long: -0.1277583"
568,2.0,3.0,,3.0,3313,2019-07-02,1350000.0,House,"lat: 51.5073509,long: -0.1277583"
569,2.0,4.0,1 487 m²,4.0,3318,2019-04-30,2090000.0,House,"lat: 51.5073509,long: -0.1277583"
570,4.0,5.0,1 133 m²,4.0,3320,2019-03-26,5950000.0,House,"lat: 51.5073509,long: -0.1277583"
571,,3.0,,2.0,3321,2019-07-23,1995000.0,Townhouse,"lat: 51.5073509,long: -0.1277583"
572,3.0,4.0,500 m²,3.0,3326,2019-06-03,3600000.0,House,"lat: 51.5073509,long: -0.1277583"
573,3.0,4.0,,2.0,3327,2019-07-08,1899000.0,House,"lat: 51.5073509,long: -0.1277583"
574,4.0,4.0,1 950 m²,4.0,3329,2018-10-15,16500000.0,House,"lat: 51.5073509,long: -0.1277583"
575,2.0,3.0,84 m²,,3330,2019-06-12,899000.0,Townhouse,"lat: 51.5073509,long: -0.1277583"
576,1.0,2.0,105 m²,1.0,3333,2019-05-29,730000.0,Apartment / Flat,"lat: 51.5073509,long: -0.1277583"
577,4.0,4.0,721 m²,2.0,3344,2019-02-13,5300000.0,House,"lat: 51.5073509,long: -0.1277583"
578,2.0,3.0,147 m²,1.0,3345,2019-03-25,899000.0,Apartment / Flat,"lat: 51.5073509,long: -0.1277583"
579,3.0,4.0,991 m²,,3347,2019-06-08,1540000.0,House,"lat: 51.5073509,long: -0.1277583"
580,1.0,2.0,,,3348,2019-10-02,655000.0,House,"lat: 51.5073509,long: -0.1277583"
581,2.0,3.0,78 m²,,3350,2019-07-15,810000.0,Apartment / Flat,"lat: 51.5073509,long: -0.1277583"
582,1.0,3.0,,,3353,2019-09-02,680000.0,House,"lat: 51.5073509,long: -0.1277583"
583,2.0,3.0,1 500 m²,2.0,3354,2019-05-26,1695000.0,House,"lat: 51.5073509,long: -0.1277583"
584,3.0,3.0,312 m²,2.0,3355,2019-05-28,3100000.0,House,"lat: 51.5073509,long: -0.1277583"
585,2.0,3.0,,2.0,3362,2019-07-15,1780000.0,Townhouse,"lat: 51.5073509,long: -0.1277583"
586,2.0,3.0,160 m²,2.0,3365,2019-03-28,1670000.0,Townhouse,"lat: 51.5073509,long: -0.1277583"
587,2.0,3.0,70 m²,,3367,2019-07-17,800000.0,House,"lat: 51.5073509,long: -0.1277583"
588,1.0,2.0,71 m²,,3368,2018-11-20,795000.0,House,"lat: 51.5073509,long: -0.1277583"
589,2.0,3.0,200 m²,2.0,3373,2019-04-16,2499000.0,Townhouse,"lat: 51.5073509,long: -0.1277583"
590,2.0,3.0,968 m²,2.0,3375,2019-07-11,1150000.0,House,"lat: 51.5073509,long: -0.1277583"
591,2.0,4.0,1 504 m²,2.0,3378,2019-05-14,1900000.0,House,"lat: 51.5073509,long: -0.1277583"
592,1.0,2.0,65 m²,,3382,2019-07-08,780000.0,Townhouse,"lat: 51.5073509,long: -0.1277583"
593,,3.0,280 m²,2.0,3385,2019-06-19,1999000.0,House,"lat: 51.5073509,long: -0.1277583"
594,1.0,2.0,72 m²,,3388,2019-08-20,700000.0,Townhouse,"lat: 51.5073509,long: -0.1277583"
595,,4.0,451 m²,2.0,3390,2019-05-14,2750000.0,House,"lat: 51.5073509,long: -0.1277583"
596,2.0,3.0,386 m²,,3392,2019-05-21,960000.0,House,"lat: 51.5073509,long: -0.1277583"
597,2.0,3.0,60 m²,,3399,2018-10-24,628508.0,House,"lat: 51.5073509,long: -0.1277583"
598,2.0,3.0,,2.0,3401,2019-10-19,1860000.0,Townhouse,"lat: 51.5073509,long: -0.1277583"
599,2.0,2.0,,,3405,2019-06-04,790000.0,Apartment / Flat,"lat: 51.5073509,long: -0.1277583"
600,2.0,2.0,55 m²,,3406,2018-08-24,626690.0,House,"lat: 51.5073509,long: -0.1277583"
601,2.0,3.0,70 m²,,3410,2018-08-15,638406.0,House,"lat: 51.5073509,long: -0.1277583"
602,2.0,3.0,70 m²,,3411,2018-08-15,754556.0,House,"lat: 51.5073509,long: -0.1277583"
603,2.0,3.0,1 050 m²,2.0,3415,2019-07-17,995000.0,House,"lat: 51.5073509,long: -0.1277583"
604,2.0,3.0,300 m²,2.0,3417,2019-06-22,3250000.0,Townhouse,"lat: 51.5073509,long: -0.1277583"
605,,5.0,185 m²,2.0,3418,2018-08-16,1350000.0,House,"lat: 51.5073509,long: -0.1277583"
606,2.0,3.0,112 m²,,3434,2019-08-30,870000.0,Apartment / Flat,"lat: 51.5073509,long: -0.1277583"
607,4.0,4.0,868 m²,2.0,3437,2018-11-08,2750000.0,House,"lat: 51.5073509,long: -0.1277583"
608,3.0,4.0,200 m²,3.0,3438,2018-08-31,3400000.0,House,"lat: 51.5073509,long: -0.1277583"
609,2.0,3.0,89 979 m²,4.0,3440,2019-07-07,2999000.0,House,"lat: 51.5073509,long: -0.1277583"
610,2.0,3.0,210 m²,2.0,3447,2019-06-07,2180000.0,House,"lat: 51.5073509,long: -0.1277583"
611,2.0,3.0,70 m²,1.0,3450,2018-03-24,754556.0,House,"lat: 51.5073509,long: -0.1277583"
612,,3.0,,1.0,3451,2019-06-25,1495000.0,House,"lat: 51.5073509,long: -0.1277583"
613,3.0,4.0,388 m²,2.0,3456,2019-04-05,3999000.0,Townhouse,"lat: 51.5073509,long: -0.1277583"
614,4.0,4.0,1 090 m²,3.0,3459,2018-09-06,6350000.0,House,"lat: 51.5073509,long: -0.1277583"
615,2.0,3.0,,,3462,2019-07-18,1060000.0,House,"lat: 51.5073509,long: -0.1277583"
616,4.0,6.0,18 178 m²,2.0,3464,2019-07-26,2100000.0,House,"lat: 51.5073509,long: -0.1277583"
617,2.0,3.0,88 m²,,3472,2019-04-16,895000.0,Apartment / Flat,"lat: 51.5073509,long: -0.1277583"
618,1.0,2.0,47 m²,,3475,2019-03-13,480000.0,Townhouse,"lat: 51.5073509,long: -0.1277583"
619,1.0,2.0,74 m²,,3476,2019-05-31,750000.0,Townhouse,"lat: 51.5073509,long: -0.1277583"
620,1.0,2.0,,,3484,2019-10-09,550000.0,Townhouse,"lat: 51.5073509,long: -0.1277583"
621,6.0,15.0,18 000 m²,,3490,2019-01-30,2500000.0,House,"lat: 51.5073509,long: -0.1277583"
622,3.0,4.0,700 m²,4.0,3491,2018-09-28,7790000.0,House,"lat: 51.5073509,long: -0.1277583"
623,5.0,4.0,500 m²,2.0,3494,2018-05-02,5495000.0,House,"lat: 51.5073509,long: -0.1277583"
624,1.0,2.0,,,3503,2019-08-20,880000.0,Townhouse,"lat: 51.5073509,long: -0.1277583"
625,2.0,3.0,56 m²,,3508,2017-05-30,605600.0,House,"lat: 51.5073509,long: -0.1277583"
626,3.0,4.0,1 926 m²,2.0,3509,2019-06-14,3999000.0,House,"lat: 51.5073509,long: -0.1277583"
627,1.0,2.0,82 m²,,3519,2019-05-14,699999.0,Apartment / Flat,"lat: 51.5073509,long: -0.1277583"
628,1.0,2.0,,,3525,2019-10-09,260000.0,House,"lat: 51.5073509,long: -0.1277583"
629,,2.0,91 m²,1.0,3529,2019-01-18,879000.0,Townhouse,"lat: 51.5073509,long: -0.1277583"
630,2.0,6.0,792 m²,,3530,2019-07-15,880000.0,House,"lat: 51.5073509,long: -0.1277583"
631,4.0,4.0,1700 m²,6.0,3534,2019-05-16,13500000.0,House,"lat: 51.5073509,long: -0.1277583"
632,,,816 m²,,3539,2019-10-16,1399000.0,House,"lat: 51.5073509,long: -0.1277583"
633,2.0,2.0,82 m²,,3550,2019-03-26,995000.0,Townhouse,"lat: 51.5073509,long: -0.1277583"
634,2.0,3.0,103 m²,,3559,2019-08-27,1180000.0,Townhouse,"lat: 51.5073509,long: -0.1277583"
635,1.0,2.0,,,3567,2019-10-17,270000.0,House,"lat: 51.5073509,long: -0.1277583"
636,4.0,4.0,465 m²,2.0,3569,2018-04-13,6950000.0,House,"lat: 51.5073509,long: -0.1277583"
637,2.0,3.0,351 m²,2.0,3570,2019-08-02,1380000.0,House,"lat: 51.5073509,long: -0.1277583"
638,,,,,3573,2019-08-26,710000.0,Apartment / Flat,"lat: 51.5073509,long: -0.1277583"
639,2.0,2.0,72 m²,,3579,2018-03-20,1150000.0,Apartment / Flat,"lat: 51.5073509,long: -0.1277583"
640,2.0,3.0,,1.0,3582,2019-05-30,1250000.0,Townhouse,"lat: 51.5073509,long: -0.1277583"
641,3.0,3.0,640 m²,2.0,3585,2018-09-17,2590000.0,House,"lat: 51.5073509,long: -0.1277583"
642,2.0,2.0,98 m²,,3591,2019-07-18,935000.0,Townhouse,"lat: 51.5073509,long: -0.1277583"
643,1.0,2.0,55 m²,,3592,2019-05-28,870000.0,Townhouse,"lat: 51.5073509,long: -0.1277583"
644,,5.0,1 076 m²,3.0,3599,2019-06-25,6530000.0,House,"lat: 51.5073509,long: -0.1277583"
645,,,,,3603,2019-08-27,1340000.0,House,"lat: 51.5073509,long: -0.1277583"
646,3.0,5.0,1 486 m²,,3604,2019-07-26,2100000.0,House,"lat: 51.5073509,long: -0.1277583"
647,4.0,4.0,,2.0,3606,2019-06-05,3990000.0,House,"lat: 51.5073509,long: -0.1277583"
648,2.0,3.0,119 m²,1.0,3609,2019-05-29,1100000.0,Townhouse,"lat: 51.5073509,long: -0.1277583"
649,1.0,2.0,,,3619,2019-07-25,585000.0,House,"lat: 51.5073509,long: -0.1277583"
650,2.0,2.0,76 m²,,3623,2019-04-26,700000.0,House,"lat: 51.5073509,long: -0.1277583"
651,2.0,3.0,157 m²,2.0,3627,2019-06-27,2300000.0,Townhouse,"lat: 51.5073509,long: -0.1277583"
652,1.0,3.0,6 370 m²,,3633,2019-07-31,4300000.0,House,"lat: 51.5073509,long: -0.1277583"
653,4.0,5.0,450 m²,2.0,3645,2018-02-14,6450000.0,House,"lat: 51.5073509,long: -0.1277583"
654,1.0,2.0,90 m²,,3662,2019-05-26,550000.0,Apartment / Flat,"lat: 51.5073509,long: -0.1277583"
655,,4.0,400 m²,2.0,3663,2018-10-27,2495000.0,House,"lat: 51.5073509,long: -0.1277583"
656,2.0,3.0,163 m²,2.0,3664,2019-07-05,1985000.0,Apartment / Flat,"lat: 51.5073509,long: -0.1277583"
657,,,,,3671,2019-08-12,1690000.0,House,"lat: 51.5073509,long: -0.1277583"
658,3.0,5.0,315 m²,2.0,3673,2018-06-04,4790000.0,House,"lat: 51.5073509,long: -0.1277583"
659,2.0,4.0,1 166 m²,2.0,3676,2019-01-08,3250000.0,House,"lat: 51.5073509,long: -0.1277583"
660,1.0,2.0,,,3677,2019-07-30,815000.0,Apartment / Flat,"lat: 51.5073509,long: -0.1277583"
661,1.0,2.0,,,3682,2019-05-15,870000.0,House,"lat: 51.5073509,long: -0.1277583"
662,4.0,5.0,,2.0,3688,2019-08-10,6500000.0,House,"lat: 51.5073509,long: -0.1277583"
663,2.0,2.0,92 m²,,3690,2019-06-25,960000.0,Townhouse,"lat: 51.5073509,long: -0.1277583"
664,2.0,3.0,196 m²,2.0,3698,2018-01-18,2170000.0,Townhouse,"lat: 51.5073509,long: -0.1277583"
665,1.0,2.0,,,3705,2019-08-24,895000.0,Townhouse,"lat: 51.5073509,long: -0.1277583"
666,1.0,2.0,,,3710,2019-05-20,525000.0,Apartment / Flat,"lat: 51.5073509,long: -0.1277583"
667,1.0,2.0,55 m²,,3711,2019-08-19,580000.0,Townhouse,"lat: 51.5073509,long: -0.1277583"
668,2.0,3.0,1 447 m²,2.0,3716,2019-07-23,1475000.0,House,"lat: 51.5073509,long: -0.1277583"
669,4.0,4.0,1 280 m²,2.0,3720,2018-06-18,2900000.0,House,"lat: 51.5073509,long: -0.1277583"
670,2.0,2.0,130 m²,1.0,3721,2018-06-15,1995000.0,Townhouse,"lat: 51.5073509,long: -0.1277583"
671,3.0,5.0,500 m²,2.0,3724,2018-10-11,3149000.0,House,"lat: 51.5073509,long: -0.1277583"
672,2.0,3.0,379 m²,2.0,3733,2018-10-12,2250000.0,House,"lat: 51.5073509,long: -0.1277583"
673,3.0,3.0,,2.0,3736,2019-08-22,2100000.0,House,"lat: 51.5073509,long: -0.1277583"
674,3.0,3.0,1 539 m²,4.0,3739,2017-10-30,4500000.0,House,"lat: 51.5073509,long: -0.1277583"
675,2.0,3.0,318 m²,2.0,3741,2019-04-02,1180000.0,Townhouse,"lat: 51.5073509,long: -0.1277583"
676,1.0,3.0,135 m²,1.0,3743,2019-06-19,1049000.0,House,"lat: 51.5073509,long: -0.1277583"
677,2.0,4.0,2 285 m²,2.0,3746,2018-01-23,1650000.0,House,"lat: 51.5073509,long: -0.1277583"
678,1.0,2.0,209 m²,,3752,2019-06-20,400000.0,House,"lat: 51.5073509,long: -0.1277583"
679,2.0,3.0,130 m²,2.0,3753,2019-05-02,1499000.0,Townhouse,"lat: 51.5073509,long: -0.1277583"
680,1.0,2.0,66 m²,,3755,2019-05-24,650000.0,Townhouse,"lat: 51.5073509,long: -0.1277583"
681,1.0,2.0,50 m²,,3764,2018-06-26,532760.0,House,"lat: 51.5073509,long: -0.1277583"
682,1.0,2.0,45 m²,,3771,2017-12-04,550031.0,House,"lat: 51.5073509,long: -0.1277583"
683,1.0,3.0,,,3775,2019-05-23,795000.0,Apartment / Flat,"lat: 51.5073509,long: -0.1277583"
684,4.0,6.0,1 072 m²,2.0,3780,2019-06-03,2645000.0,House,"lat: 51.5073509,long: -0.1277583"
685,,4.0,1 276 m²,3.0,3785,2019-03-22,3500000.0,House,"lat: 51.5073509,long: -0.1277583"
686,3.0,4.0,1 052 m²,2.0,3787,2019-03-05,2999999.0,House,"lat: 51.5073509,long: -0.1277583"
687,1.0,3.0,1 000 m²,1.0,3789,2019-02-28,1080500.0,House,"lat: 51.5073509,long: -0.1277583"
688,,4.0,1 501 m²,2.0,3801,2019-05-31,1950000.0,House,"lat: 51.5073509,long: -0.1277583"
689,2.0,3.0,165 m²,3.0,3805,2019-08-27,1800000.0,Apartment / Flat,"lat: 51.5073509,long: -0.1277583"
690,2.0,3.0,71 m²,,3807,2019-08-05,750000.0,Townhouse,"lat: 51.5073509,long: -0.1277583"
691,1.0,2.0,68 m²,1.0,3814,2016-11-07,780000.0,Apartment / Flat,"lat: 51.5073509,long: -0.1277583"
692,2.0,3.0,1 000 m²,2.0,3821,2019-03-28,1999000.0,House,"lat: 51.5073509,long: -0.1277583"
693,,3.0,1 497 m²,,3825,2018-12-27,2995000.0,House,"lat: 51.5073509,long: -0.1277583"
694,2.0,3.0,1 500 m²,,3826,2019-07-11,2200000.0,House,"lat: 51.5073509,long: -0.1277583"
695,4.0,4.0,400 m²,2.0,3828,2014-05-02,6450000.0,House,"lat: 51.5073509,long: -0.1277583"
696,1.0,2.0,260 m²,,3834,2019-09-08,270000.0,House,"lat: 51.5073509,long: -0.1277583"
697,3.0,6.0,400 m²,3.0,3841,2018-12-05,3900000.0,House,"lat: 51.5073509,long: -0.1277583"
698,,3.0,115 m²,1.0,3847,2019-06-24,1000000.0,Townhouse,"lat: 51.5073509,long: -0.1277583"
699,,4.0,440 m²,2.0,3857,2019-07-11,2900000.0,Townhouse,"lat: 51.5073509,long: -0.1277583"
700,1.0,2.0,45 m²,,3862,2018-10-17,550031.0,House,"lat: 51.5073509,long: -0.1277583"
701,2.0,3.0,,2.0,3865,2019-04-26,1350000.0,House,"lat: 51.5073509,long: -0.1277583"
702,1.0,4.0,712 m²,2.0,3876,2019-05-10,1095000.0,House,"lat: 51.5073509,long: -0.1277583"
703,2.0,3.0,,1.0,3877,2018-12-21,1495000.0,House,"lat: 51.5073509,long: -0.1277583"
704,3.0,5.0,,4.0,3878,2019-07-16,3700000.0,House,"lat: 51.5073509,long: -0.1277583"
705,2.0,2.0,81 m²,,3881,2019-06-20,1169000.0,Townhouse,"lat: 51.5073509,long: -0.1277583"
706,2.0,4.0,440 m²,2.0,3888,2019-06-27,2950000.0,House,"lat: 51.5073509,long: -0.1277583"
707,2.0,2.0,,1.0,3896,2019-07-12,1195000.0,Apartment / Flat,"lat: 51.5073509,long: -0.1277583"
708,1.0,2.0,155 m²,,3897,2019-07-23,399000.0,House,"lat: 51.5073509,long: -0.1277583"
709,1.0,2.0,,1.0,3901,2019-07-12,1080000.0,Townhouse,"lat: 51.5073509,long: -0.1277583"
710,1.0,2.0,64 m²,,3908,2019-06-14,750000.0,Townhouse,"lat: 51.5073509,long: -0.1277583"
711,4.0,3.0,1 297 m²,,3913,2019-04-04,3249000.0,Apartment / Flat,"lat: 51.5073509,long: -0.1277583"
712,2.0,3.0,107 m²,1.0,3915,2019-02-14,1300000.0,Townhouse,"lat: 51.5073509,long: -0.1277583"
713,2.0,2.0,,1.0,3918,2019-02-28,1250000.0,Townhouse,"lat: 51.5073509,long: -0.1277583"
714,2.0,3.0,260 m²,2.0,3919,2018-10-30,2199000.0,House,"lat: 51.5073509,long: -0.1277583"
715,2.0,2.0,98 m²,,3923,2019-03-12,895000.0,Apartment / Flat,"lat: 51.5073509,long: -0.1277583"
716,4.0,5.0,453 m²,2.0,3925,2019-07-17,2100000.0,Townhouse,"lat: 51.5073509,long: -0.1277583"
717,2.0,3.0,,2.0,3927,2019-08-16,1950000.0,House,"lat: 51.5073509,long: -0.1277583"
718,,5.0,4.4 acres,2.0,3932,2019-07-01,2400000.0,House,"lat: 51.5073509,long: -0.1277583"
719,2.0,2.0,,,3934,2019-04-11,1175000.0,Apartment / Flat,"lat: 51.5073509,long: -0.1277583"
720,2.0,4.0,,2.0,3936,2019-08-08,1920000.0,House,"lat: 51.5073509,long: -0.1277583"
721,2.0,4.0,,4.0,3942,2019-05-22,3750000.0,House,"lat: 51.5073509,long: -0.1277583"
722,3.0,4.0,,2.0,3943,2019-05-22,2299000.0,House,"lat: 51.5073509,long: -0.1277583"
723,1.0,2.0,75 m²,,3944,2019-07-11,850000.0,Townhouse,"lat: 51.5073509,long: -0.1277583"
724,4.0,6.0,1 245 m²,,3948,2019-03-22,2450000.0,House,"lat: 51.5073509,long: -0.1277583"
725,2.0,4.0,978 m²,3.0,3950,2019-07-15,1375000.0,House,"lat: 51.5073509,long: -0.1277583"
726,3.0,5.0,1 914 m²,8.0,3955,2019-04-15,3599000.0,House,"lat: 51.5073509,long: -0.1277583"
727,1.0,2.0,,,3959,2019-07-21,195000.0,House,"lat: 51.5073509,long: -0.1277583"
728,4.0,6.0,626 m²,3.0,3962,2019-05-17,3750000.0,House,"lat: 51.5073509,long: -0.1277583"
729,2.0,3.0,,1.0,3963,2019-05-21,1795000.0,House,"lat: 51.5073509,long: -0.1277583"
730,,2.0,90 m²,1.0,3964,2019-01-08,950000.0,Townhouse,"lat: 51.5073509,long: -0.1277583"
731,2.0,3.0,98 m²,,3970,2019-01-14,1299999.0,Apartment / Flat,"lat: 51.5073509,long: -0.1277583"
732,,2.0,50 m²,,3976,2019-05-06,532760.0,House,"lat: 51.5073509,long: -0.1277583"
733,1.0,2.0,,,3980,2019-05-22,880000.0,Townhouse,"lat: 51.5073509,long: -0.1277583"
734,,,,,3985,2019-07-03,2750000.0,House,"lat: 51.5073509,long: -0.1277583"
735,2.0,3.0,,2.0,3991,2019-07-04,1895000.0,Townhouse,"lat: 51.5073509,long: -0.1277583"
736,1.0,2.0,252 m²,,3996,2019-08-30,230000.0,House,"lat: 51.5073509,long: -0.1277583"
737,2.0,4.0,,3.0,3999,2019-04-03,1850000.0,House,"lat: 51.5073509,long: -0.1277583"
738,2.0,2.0,70 m²,,4001,2019-06-03,645000.0,Apartment / Flat,"lat: 51.5073509,long: -0.1277583"
